Sampleid	Region	Genotype	Animal	Sex	RNAEx	Batch
T26H	H	tau.pb1ko	T26	Female	RNeasy	B1
T26P	P	tau.pb1ko	T26	Female	RNeasy	B1
T30H	H	tau	T30	Female	RNeasy	B1
T30P	P	tau	T30	Female	RNeasy	B1
T33H	H	pb1ko	T33	Female	RNeasy	B1
T33P	P	pb1ko	T33	Female	RNeasy	B1
T37H	H	tau	T37	Female	RNeasy	B1
T37P	P	tau	T37	Female	RNeasy	B1
T38H	H	wt	T38	Female	RNeasy	B1
T38P	P	wt	T38	Female	RNeasy	B1
T43H	H	wt	T43	Male	RNeasy	B1
T43P	P	wt	T43	Male	RNeasy	B1
T46H	H	pb1ko	T46	Male	RNeasyPlus	B1
T46P	P	pb1ko	T46	Male	RNeasyPlus	B1
T48H	H	wt	T48	Male	RNeasyPlus	B1
T48P	P	wt	T48	Male	RNeasyPlus	B1
T50H	H	wt	T50	Female	RNeasyPlus	B1
T50P	P	wt	T50	Female	RNeasyPlus	B1
T57H	H	tau	T57	Male	RNeasyPlus	B1
T57P	P	tau	T57	Male	RNeasyPlus	B1
T59H	H	tau.pb1ko	T59	Female	RNeasyPlus	B1
T59P	P	tau.pb1ko	T59	Female	RNeasyPlus	B1
T60H	H	pb1ko	T60	Female	RNeasyPlus	B1
T60P	P	pb1ko	T60	Female	RNeasyPlus	B1
T85H	H	tau.pb1ko	T85	Female	RNeasyPlus	B2a
T85P	P	tau.pb1ko	T85	Female	RNeasyPlus	B2a
T69H	H	tau	T69	Male	RNeasyPlus	B2a
T69P	P	tau	T69	Male	RNeasyPlus	B2a
T72H	H	tau	T72	Female	RNeasyPlus	B2a
T72P	P	tau	T72	Female	RNeasyPlus	B2a
T70H	H	pb1ko	T70	Male	RNeasyPlus	B2b
T70P	P	pb1ko	T70	Male	RNeasyPlus	B2a
T74H	H	pb1ko	T74	Female	RNeasyPlus	B2b
T74P	P	pb1ko	T74	Female	RNeasyPlus	B2a
T68H	H	wt	T68	Male	RNeasyPlus	B2a
T68P	P	wt	T68	Male	RNeasyPlus	B2a
A01H	H	app	A01	Male	RNeasyPlus	B2a
A01P	P	app	A01	Male	RNeasyPlus	B2a
A11H	H	app	A11	Female	RNeasyPlus	B2b
A11P	P	app	A11	Female	RNeasyPlus	B2a
A18H	H	app	A18	Male	RNeasyPlus	B2a
A18P	P	app	A18	Male	RNeasyPlus	B2a
T90P	P	tau.pb1ko	T90	Male	RNeasyPlus	B3
T90H	H	tau.pb1ko	T90	Male	RNeasyPlus	B3
T97P	P	tau.pb1ko	T97	Male	RNeasyPlus	B3
T97H	H	tau.pb1ko	T97	Male	RNeasyPlus	B3
A88P	P	app	A88	Male	RNeasyPlus	B3
A88H	H	app	A88	Male	RNeasyPlus	B3
A89P	P	app	A89	Male	RNeasyPlus	B3
A89H	H	app	A89	Male	RNeasyPlus	B3
A119P	P	app.pb1ko	A119	Male	RNeasyPlus	B3
A119H	H	app.pb1ko	A119	Male	RNeasyPlus	B3
A120P	P	app.pb1ko	A120	Male	RNeasyPlus	B3
A120H	H	app.pb1ko	A120	Male	RNeasyPlus	B3
A127P	P	app.pb1ko	A127	Female	RNeasyPlus	B3
A127H	H	app.pb1ko	A127	Female	RNeasyPlus	B3
A129P	P	app.pb1ko	A129	Female	RNeasyPlus	B3
A129H	H	app.pb1ko	A129	Female	RNeasyPlus	B3
A135P	P	app.pb1ko	A135	Male	RNeasyPlus	B3
A135H	H	app.pb1ko	A135	Male	RNeasyPlus	B3
